{
  "V0_sequential": {
    "error": 678895.4445953101,
    "time": 1.2087073060001785
  },
  "V4_vectorised": {
    "error": 678895.4445953121,
    "time": 1.1524405280001702
  }
}